{
  "best_model": "random_forest",
  "metrics": {
    "mse": 8203423.146589899,
    "rmse": 2864.1618576103374,
    "mae": 1159.0882596526085,
    "r2": 0.876466284108876
  },
  "train_years": [
    2022,
    2023
  ],
  "test_years": [
    2024
  ],
  "target_column": "발생_건수"
}